{"cameraMode":{"drawMode":0,"name":"Shaded","section":"Shading Mode"},"sceneLighting":false,"audioPlay":false,"sceneViewState":{"showFog":true,"showMaterialUpdate":false,"showSkybox":false,"showFlares":true,"showImageEffects":true,"showParticleSystems":true},"in2DMode":false,"pivot":{"x":24.5,"y":-0.4000000059604645,"z":16.299999237060548},"rotation":{"x":0.3078223466873169,"y":-0.25955361127853396,"z":0.08789493143558502,"w":0.9112977385520935},"size":116.67262268066406,"orthographic":true}