{"cameraMode":{"drawMode":0,"name":"Shaded","section":"Shading Mode"},"sceneLighting":true,"audioPlay":false,"sceneViewState":{"showFog":true,"showMaterialUpdate":false,"showSkybox":true,"showFlares":true,"showImageEffects":true,"showParticleSystems":true},"in2DMode":false,"pivot":{"x":399.1746826171875,"y":-92.65838623046875,"z":251.9160614013672},"rotation":{"x":-0.3809201419353485,"y":0.26893195509910586,"z":-0.11690017580986023,"w":-0.8769345283508301},"size":993.2791137695313,"orthographic":false}