{"cameraMode":{"drawMode":0,"name":"Shaded","section":"Shading Mode"},"sceneLighting":true,"audioPlay":false,"sceneViewState":{"showFog":true,"showMaterialUpdate":false,"showSkybox":true,"showFlares":true,"showImageEffects":true,"showParticleSystems":true},"in2DMode":false,"pivot":{"x":395.751220703125,"y":76.69355773925781,"z":-134.2191162109375},"rotation":{"x":-0.25604885816574099,"y":0.16346769034862519,"z":-0.04397856816649437,"w":-0.9517379999160767},"size":420.3885498046875,"orthographic":false}