{"cameraMode":{"drawMode":0,"name":"Shaded","section":"Shading Mode"},"sceneLighting":true,"audioPlay":false,"sceneViewState":{"showFog":true,"showMaterialUpdate":false,"showSkybox":true,"showFlares":true,"showImageEffects":true,"showParticleSystems":true},"in2DMode":false,"pivot":{"x":12.07794189453125,"y":-210.20700073242188,"z":287.0171813964844},"rotation":{"x":-0.18147677183151246,"y":0.3652147054672241,"z":-0.07282030582427979,"w":-0.9101560711860657},"size":1124.720947265625,"orthographic":false}