{"cameraMode":{"drawMode":0,"name":"Shaded","section":"Shading Mode"},"sceneLighting":true,"audioPlay":false,"sceneViewState":{"showFog":true,"showMaterialUpdate":false,"showSkybox":false,"showFlares":true,"showImageEffects":true,"showParticleSystems":true},"in2DMode":false,"pivot":{"x":257.80029296875,"y":1.74908447265625,"z":-180.31982421875},"rotation":{"x":0.08406633883714676,"y":-0.8826468586921692,"z":0.1729530394077301,"w":0.4289776384830475},"size":3.5985851287841799,"orthographic":true}