{"cameraMode":{"drawMode":0,"name":"Shaded","section":"Shading Mode"},"sceneLighting":false,"audioPlay":false,"sceneViewState":{"showFog":true,"showMaterialUpdate":false,"showSkybox":false,"showFlares":true,"showImageEffects":true,"showParticleSystems":true},"in2DMode":false,"pivot":{"x":57.165470123291019,"y":-81.50596618652344,"z":666.7194213867188},"rotation":{"x":-0.10226157307624817,"y":-0.8953899145126343,"z":-0.27022603154182436,"w":0.3388659954071045},"size":4063.697998046875,"orthographic":true}