{"cameraMode":{"drawMode":0,"name":"Shaded","section":"Shading Mode"},"sceneLighting":true,"audioPlay":false,"sceneViewState":{"showFog":true,"showMaterialUpdate":false,"showSkybox":true,"showFlares":true,"showImageEffects":true,"showParticleSystems":true},"in2DMode":false,"pivot":{"x":233.47853088378907,"y":21.202667236328126,"z":-166.938720703125},"rotation":{"x":-0.35205841064453127,"y":0.17183393239974976,"z":-0.0659211128950119,"w":-0.9177177548408508},"size":384.76971435546877,"orthographic":false}