{"cameraMode":{"drawMode":0,"name":"Shaded","section":"Shading Mode"},"sceneLighting":false,"audioPlay":false,"sceneViewState":{"showFog":true,"showMaterialUpdate":false,"showSkybox":false,"showFlares":true,"showImageEffects":true,"showParticleSystems":true},"in2DMode":false,"pivot":{"x":-11.412371635437012,"y":9.60621452331543,"z":-34.003150939941409},"rotation":{"x":0.2691517770290375,"y":-0.39988186955451968,"z":0.12409606575965882,"w":0.8673416972160339},"size":4.943697929382324,"orthographic":true}