{"cameraMode":{"drawMode":0,"name":"Shaded","section":"Shading Mode"},"sceneLighting":false,"audioPlay":false,"sceneViewState":{"showFog":true,"showMaterialUpdate":false,"showSkybox":false,"showFlares":true,"showImageEffects":true,"showParticleSystems":true},"in2DMode":false,"pivot":{"x":44.0078125,"y":70.605224609375,"z":669.0592041015625},"rotation":{"x":-0.03358485549688339,"y":-0.9426103830337524,"z":-0.09991420805454254,"w":0.3168715238571167},"size":7061.2392578125,"orthographic":true}