{"cameraMode":{"drawMode":0,"name":"Shaded","section":"Shading Mode"},"sceneLighting":true,"audioPlay":false,"sceneViewState":{"showFog":true,"showMaterialUpdate":false,"showSkybox":true,"showFlares":true,"showImageEffects":true,"showParticleSystems":true},"in2DMode":false,"pivot":{"x":304.42999267578127,"y":5.6953125,"z":-171.263671875},"rotation":{"x":0.2507925033569336,"y":-0.0037738101091235878,"z":0.0009771768236532808,"w":0.9680365324020386},"size":28.23953628540039,"orthographic":true}