{"cameraMode":{"drawMode":0,"name":"Shaded","section":"Shading Mode"},"sceneLighting":true,"audioPlay":false,"sceneViewState":{"showFog":true,"showMaterialUpdate":false,"showSkybox":false,"showFlares":true,"showImageEffects":true,"showParticleSystems":true},"in2DMode":false,"pivot":{"x":257.8371276855469,"y":1.7510383129119874,"z":-180.33705139160157},"rotation":{"x":-0.002547952812165022,"y":-0.9971603155136108,"z":-0.06440670043230057,"w":0.0398065447807312},"size":2.975118398666382,"orthographic":true}