{"cameraMode":{"drawMode":0,"name":"Shaded","section":"Shading Mode"},"sceneLighting":false,"audioPlay":false,"sceneViewState":{"showFog":true,"showMaterialUpdate":false,"showSkybox":false,"showFlares":true,"showImageEffects":true,"showParticleSystems":true},"in2DMode":false,"pivot":{"x":-11.587381362915039,"y":21.526988983154298,"z":2.836498260498047},"rotation":{"x":-0.31798702478408816,"y":-0.13954055309295655,"z":0.04737717658281326,"w":-0.936573326587677},"size":56.2388916015625,"orthographic":false}