{"cameraMode":{"drawMode":0,"name":"Shaded","section":"Shading Mode"},"sceneLighting":false,"audioPlay":false,"sceneViewState":{"showFog":true,"showMaterialUpdate":false,"showSkybox":false,"showFlares":true,"showImageEffects":true,"showParticleSystems":true},"in2DMode":false,"pivot":{"x":-0.23241758346557618,"y":2.5425338745117189,"z":-0.2343752384185791},"rotation":{"x":-0.1475643366575241,"y":0.48038098216056826,"z":-0.0823664590716362,"w":-0.8606286644935608},"size":3.0505521297454836,"orthographic":false}