{"cameraMode":{"drawMode":0,"name":"Shaded","section":"Shading Mode"},"sceneLighting":false,"audioPlay":false,"sceneViewState":{"showFog":true,"showMaterialUpdate":false,"showSkybox":false,"showFlares":true,"showImageEffects":true,"showParticleSystems":true},"in2DMode":false,"pivot":{"x":-3.2798385620117189,"y":139.04556274414063,"z":4.905006408691406},"rotation":{"x":-0.24870765209197999,"y":0.3508170545101166,"z":-0.0972084105014801,"w":-0.8975648880004883},"size":549.421875,"orthographic":false}