{"cameraMode":{"drawMode":0,"name":"Shaded","section":"Shading Mode"},"sceneLighting":true,"audioPlay":false,"sceneViewState":{"showFog":true,"showMaterialUpdate":false,"showSkybox":true,"showFlares":true,"showImageEffects":true,"showParticleSystems":true},"in2DMode":false,"pivot":{"x":251.84619140625,"y":6.435546875,"z":-184.5029296875},"rotation":{"x":0.2598039507865906,"y":-0.09051715582609177,"z":0.02446148172020912,"w":0.9611312747001648},"size":7.590431213378906,"orthographic":true}