{"cameraMode":{"drawMode":0,"name":"Shaded","section":"Shading Mode"},"sceneLighting":true,"audioPlay":false,"sceneViewState":{"showFog":true,"showMaterialUpdate":false,"showSkybox":true,"showFlares":true,"showImageEffects":true,"showParticleSystems":true},"in2DMode":false,"pivot":{"x":270.1050109863281,"y":4.005911350250244,"z":-164.07138061523438},"rotation":{"x":-0.09477312862873078,"y":0.1684938222169876,"z":-0.016277872025966646,"w":-0.9810013771057129},"size":5.083096027374268,"orthographic":false}