{"cameraMode":{"drawMode":0,"name":"Shaded","section":"Shading Mode"},"sceneLighting":true,"audioPlay":false,"sceneViewState":{"showFog":true,"showMaterialUpdate":false,"showSkybox":true,"showFlares":true,"showImageEffects":true,"showParticleSystems":true},"in2DMode":false,"pivot":{"x":300.9795837402344,"y":-0.1255512237548828,"z":-156.6669464111328},"rotation":{"x":-0.1567145735025406,"y":0.24090676009655,"z":-0.03944096341729164,"w":-0.9570263028144836},"size":32.20016098022461,"orthographic":false}