{"cameraMode":{"drawMode":0,"name":"Shaded","section":"Shading Mode"},"sceneLighting":false,"audioPlay":false,"sceneViewState":{"showFog":true,"showMaterialUpdate":false,"showSkybox":false,"showFlares":true,"showImageEffects":true,"showParticleSystems":true},"in2DMode":false,"pivot":{"x":-8.99398136138916,"y":21.526851654052736,"z":2.0460472106933595},"rotation":{"x":-0.15786954760551454,"y":-0.09699992090463638,"z":0.015585175715386868,"w":-0.9825618267059326},"size":56.2388916015625,"orthographic":false}