{"cameraMode":{"drawMode":0,"name":"Shaded","section":"Shading Mode"},"sceneLighting":true,"audioPlay":false,"sceneViewState":{"showFog":true,"showMaterialUpdate":false,"showSkybox":false,"showFlares":true,"showImageEffects":true,"showParticleSystems":true},"in2DMode":false,"pivot":{"x":257.8371276855469,"y":1.7510383129119874,"z":-180.33705139160157},"rotation":{"x":0.10530609637498856,"y":-0.8404833078384399,"z":0.1765052229166031,"w":0.5014094114303589},"size":4.106583595275879,"orthographic":true}