{"cameraMode":{"drawMode":0,"name":"Shaded","section":"Shading Mode"},"sceneLighting":false,"audioPlay":false,"sceneViewState":{"showFog":true,"showMaterialUpdate":false,"showSkybox":false,"showFlares":true,"showImageEffects":true,"showParticleSystems":true},"in2DMode":false,"pivot":{"x":473.0,"y":-10.00001335144043,"z":-47.099998474121097},"rotation":{"x":0.4176998734474182,"y":0.07074928283691406,"z":-0.03264211118221283,"w":0.9052501320838928},"size":221.42745971679688,"orthographic":false}