{"cameraMode":{"drawMode":0,"name":"Shaded","section":"Shading Mode"},"sceneLighting":true,"audioPlay":false,"sceneViewState":{"showFog":true,"showMaterialUpdate":false,"showSkybox":false,"showFlares":true,"showImageEffects":true,"showParticleSystems":true},"in2DMode":false,"pivot":{"x":256.9149169921875,"y":-0.11050558090209961,"z":-179.98196411132813},"rotation":{"x":-0.2145359069108963,"y":-0.7734817862510681,"z":0.3373885452747345,"w":-0.4918542206287384},"size":4.816793441772461,"orthographic":false}