{"cameraMode":{"drawMode":0,"name":"Shaded","section":"Shading Mode"},"sceneLighting":true,"audioPlay":false,"sceneViewState":{"showFog":true,"showMaterialUpdate":false,"showSkybox":false,"showFlares":true,"showImageEffects":true,"showParticleSystems":true},"in2DMode":false,"pivot":{"x":256.9149169921875,"y":-0.11050558090209961,"z":-179.98196411132813},"rotation":{"x":-0.016703665256500245,"y":-0.9833194017410278,"z":0.12636646628379823,"w":-0.12995010614395142},"size":4.816793441772461,"orthographic":false}