{"cameraMode":{"drawMode":0,"name":"Shaded","section":"Shading Mode"},"sceneLighting":true,"audioPlay":false,"sceneViewState":{"showFog":true,"showMaterialUpdate":false,"showSkybox":true,"showFlares":true,"showImageEffects":true,"showParticleSystems":true},"in2DMode":false,"pivot":{"x":337.47125244140627,"y":162.94122314453126,"z":76.2911376953125},"rotation":{"x":0.21404239535331727,"y":-0.17474810779094697,"z":0.038950320333242419,"w":0.9602851271629334},"size":575.1506958007813,"orthographic":false}