{"cameraMode":{"drawMode":0,"name":"Shaded","section":"Shading Mode"},"sceneLighting":true,"audioPlay":false,"sceneViewState":{"showFog":true,"showMaterialUpdate":false,"showSkybox":true,"showFlares":true,"showImageEffects":true,"showParticleSystems":true},"in2DMode":false,"pivot":{"x":278.36981201171877,"y":0.17820262908935548,"z":-155.37071228027345},"rotation":{"x":-0.22976037859916688,"y":0.2735340893268585,"z":-0.06746324151754379,"w":-0.9315782785415649},"size":15.768310546875,"orthographic":false}