{"cameraMode":{"drawMode":0,"name":"Shaded","section":"Shading Mode"},"sceneLighting":true,"audioPlay":false,"sceneViewState":{"showFog":true,"showMaterialUpdate":false,"showSkybox":true,"showFlares":true,"showImageEffects":true,"showParticleSystems":true},"in2DMode":false,"pivot":{"x":289.7051086425781,"y":-0.0000019073486328125,"z":-181.9264678955078},"rotation":{"x":0.13432590663433076,"y":-0.06298769265413284,"z":0.008534528315067292,"w":0.9889382719993591},"size":3.3854734897613527,"orthographic":true}