{"cameraMode":{"drawMode":0,"name":"Shaded","section":"Shading Mode"},"sceneLighting":false,"audioPlay":false,"sceneViewState":{"showFog":true,"showMaterialUpdate":false,"showSkybox":false,"showFlares":true,"showImageEffects":true,"showParticleSystems":true},"in2DMode":false,"pivot":{"x":223.51168823242188,"y":-173.31219482421876,"z":825.8541870117188},"rotation":{"x":0.0005437949439510703,"y":-0.9982483386993408,"z":0.058464255183935168,"w":0.00928000919520855},"size":6.148777008056641,"orthographic":true}