{"cameraMode":{"drawMode":0,"name":"Shaded","section":"Shading Mode"},"sceneLighting":true,"audioPlay":false,"sceneViewState":{"showFog":true,"showMaterialUpdate":false,"showSkybox":true,"showFlares":true,"showImageEffects":true,"showParticleSystems":true},"in2DMode":false,"pivot":{"x":313.6261291503906,"y":-261.47552490234377,"z":512.0582885742188},"rotation":{"x":-0.42241087555885317,"y":0.22745482623577119,"z":-0.11038141697645188,"w":-0.8704317808151245},"size":405.1454162597656,"orthographic":false}