{"cameraMode":{"drawMode":0,"name":"Shaded","section":"Shading Mode"},"sceneLighting":true,"audioPlay":false,"sceneViewState":{"showFog":true,"showMaterialUpdate":false,"showSkybox":true,"showFlares":true,"showImageEffects":true,"showParticleSystems":true},"in2DMode":false,"pivot":{"x":247.84437561035157,"y":0.9935696125030518,"z":-155.16717529296876},"rotation":{"x":-0.03542441129684448,"y":-0.9552351832389832,"z":0.2643692195415497,"w":-0.1279992014169693},"size":4.547135353088379,"orthographic":true}