{"cameraMode":{"drawMode":0,"name":"Shaded","section":"Shading Mode"},"sceneLighting":false,"audioPlay":false,"sceneViewState":{"showFog":true,"showMaterialUpdate":false,"showSkybox":false,"showFlares":true,"showImageEffects":true,"showParticleSystems":true},"in2DMode":false,"pivot":{"x":0.15893179178237916,"y":0.396493136882782,"z":0.6227066516876221},"rotation":{"x":0.04681432992219925,"y":-0.4405735731124878,"z":-0.023016946390271188,"w":-0.896207332611084},"size":2.8885560035705568,"orthographic":false}