{"cameraMode":{"drawMode":0,"name":"Shaded","section":"Shading Mode"},"sceneLighting":true,"audioPlay":false,"sceneViewState":{"showFog":true,"showMaterialUpdate":false,"showSkybox":true,"showFlares":true,"showImageEffects":true,"showParticleSystems":true},"in2DMode":false,"pivot":{"x":427.71661376953127,"y":-63.650882720947269,"z":-320.9445495605469},"rotation":{"x":-0.20453453063964845,"y":-0.46025559306144717,"z":0.10986010730266571,"w":-0.8568903803825378},"size":242.8328094482422,"orthographic":false}