{"cameraMode":{"drawMode":0,"name":"Shaded","section":"Shading Mode"},"sceneLighting":false,"audioPlay":false,"sceneViewState":{"showFog":true,"showMaterialUpdate":false,"showSkybox":false,"showFlares":true,"showImageEffects":true,"showParticleSystems":true},"in2DMode":false,"pivot":{"x":0.02681112289428711,"y":0.18182377517223359,"z":-0.001064583659172058},"rotation":{"x":-0.21247513592243195,"y":0.3190665543079376,"z":-0.07364600896835327,"w":-0.9206934571266174},"size":0.9216077327728272,"orthographic":false}