{"cameraMode":{"drawMode":0,"name":"Shaded","section":"Shading Mode"},"sceneLighting":false,"audioPlay":false,"sceneViewState":{"showFog":true,"showMaterialUpdate":false,"showSkybox":false,"showFlares":true,"showImageEffects":true,"showParticleSystems":true},"in2DMode":false,"pivot":{"x":-11.928064346313477,"y":11.406906127929688,"z":-84.42363739013672},"rotation":{"x":0.12069419026374817,"y":0.22342458367347718,"z":0.02788678929209709,"w":-0.9668426513671875},"size":10.287936210632325,"orthographic":false}