{"cameraMode":{"drawMode":0,"name":"Shaded","section":"Shading Mode"},"sceneLighting":false,"audioPlay":false,"sceneViewState":{"showFog":true,"showMaterialUpdate":false,"showSkybox":false,"showFlares":true,"showImageEffects":true,"showParticleSystems":true},"in2DMode":false,"pivot":{"x":-0.18497085571289063,"y":3.999927043914795,"z":0.13443374633789063},"rotation":{"x":-0.26075848937034609,"y":0.38225284218788149,"z":-0.11337759345769882,"w":-0.879253625869751},"size":23.344833374023439,"orthographic":false}