{"cameraMode":{"drawMode":0,"name":"Shaded","section":"Shading Mode"},"sceneLighting":false,"audioPlay":false,"sceneViewState":{"showFog":true,"showMaterialUpdate":false,"showSkybox":false,"showFlares":true,"showImageEffects":true,"showParticleSystems":true},"in2DMode":false,"pivot":{"x":-11.424232482910157,"y":7.767238616943359,"z":0.8455619812011719},"rotation":{"x":-0.09805523604154587,"y":0.22400780022144319,"z":-0.022658448666334153,"w":-0.9693796038627625},"size":75.21638488769531,"orthographic":false}