{"cameraMode":{"drawMode":0,"name":"Shaded","section":"Shading Mode"},"sceneLighting":false,"audioPlay":false,"sceneViewState":{"showFog":true,"showMaterialUpdate":false,"showSkybox":false,"showFlares":true,"showImageEffects":true,"showParticleSystems":true},"in2DMode":false,"pivot":{"x":-10.874983787536621,"y":10.9493989944458,"z":-71.11579895019531},"rotation":{"x":-0.3083183169364929,"y":0.3461010456085205,"z":-0.12159613519906998,"w":-0.8777331709861755},"size":2.249211311340332,"orthographic":false}