{"cameraMode":{"drawMode":0,"name":"Shaded","section":"Shading Mode"},"sceneLighting":false,"audioPlay":false,"sceneViewState":{"showFog":true,"showMaterialUpdate":false,"showSkybox":false,"showFlares":true,"showImageEffects":true,"showParticleSystems":true},"in2DMode":false,"pivot":{"x":-14.0941162109375,"y":17.24692726135254,"z":-98.8640365600586},"rotation":{"x":0.002588310046121478,"y":0.2745347321033478,"z":0.0007325239130295813,"w":-0.9615983366966248},"size":89.9795913696289,"orthographic":false}