{"cameraMode":{"drawMode":0,"name":"Shaded","section":"Shading Mode"},"sceneLighting":false,"audioPlay":false,"sceneViewState":{"showFog":true,"showMaterialUpdate":false,"showSkybox":false,"showFlares":true,"showImageEffects":true,"showParticleSystems":true},"in2DMode":false,"pivot":{"x":-12.174408912658692,"y":11.166180610656739,"z":-76.89082336425781},"rotation":{"x":-0.3809036612510681,"y":0.06565113365650177,"z":-0.027145054191350938,"w":-0.9219030737876892},"size":2.3000543117523195,"orthographic":false}