{"cameraMode":{"drawMode":0,"name":"Shaded","section":"Shading Mode"},"sceneLighting":false,"audioPlay":false,"sceneViewState":{"showFog":true,"showMaterialUpdate":false,"showSkybox":false,"showFlares":true,"showImageEffects":true,"showParticleSystems":true},"in2DMode":false,"pivot":{"x":390.74591064453127,"y":52.7650146484375,"z":-248.48208618164063},"rotation":{"x":-0.1577921360731125,"y":0.4248134195804596,"z":-0.07547047734260559,"w":-0.888258695602417},"size":260.40728759765627,"orthographic":false}