{"cameraMode":{"drawMode":0,"name":"Shaded","section":"Shading Mode"},"sceneLighting":false,"audioPlay":false,"sceneViewState":{"showFog":true,"showMaterialUpdate":false,"showSkybox":false,"showFlares":true,"showImageEffects":true,"showParticleSystems":true},"in2DMode":false,"pivot":{"x":0.000030279159545898438,"y":-0.12903285026550294,"z":0.43345320224761965},"rotation":{"x":-0.3481109142303467,"y":0.2197534292936325,"z":-0.08430257439613342,"w":-0.9074277877807617},"size":3.2405238151550295,"orthographic":false}