{"cameraMode":{"drawMode":0,"name":"Shaded","section":"Shading Mode"},"sceneLighting":false,"audioPlay":false,"sceneViewState":{"showFog":true,"showMaterialUpdate":false,"showSkybox":false,"showFlares":true,"showImageEffects":true,"showParticleSystems":true},"in2DMode":false,"pivot":{"x":-23.215885162353517,"y":64.48915100097656,"z":-112.00332641601563},"rotation":{"x":-0.0033093788661062719,"y":-0.021899789571762086,"z":0.00007062257645884529,"w":-0.9997737407684326},"size":153.619384765625,"orthographic":false}