{"cameraMode":{"drawMode":0,"name":"Shaded","section":"Shading Mode"},"sceneLighting":true,"audioPlay":false,"sceneViewState":{"showFog":true,"showMaterialUpdate":false,"showSkybox":true,"showFlares":true,"showImageEffects":true,"showParticleSystems":true},"in2DMode":false,"pivot":{"x":347.9756164550781,"y":47.5989990234375,"z":-395.80596923828127},"rotation":{"x":-0.07598283141851425,"y":0.13922792673110963,"z":-0.010714998468756676,"w":-0.9872865080833435},"size":190.09930419921876,"orthographic":false}