{"cameraMode":{"drawMode":0,"name":"Shaded","section":"Shading Mode"},"sceneLighting":false,"audioPlay":false,"sceneViewState":{"showFog":true,"showMaterialUpdate":false,"showSkybox":false,"showFlares":true,"showImageEffects":true,"showParticleSystems":true},"in2DMode":false,"pivot":{"x":5.44677734375,"y":17.335205078125,"z":14.944263458251954},"rotation":{"x":-0.06383957713842392,"y":-0.6786125302314758,"z":0.059398867189884189,"w":-0.7293124794960022},"size":58.526798248291019,"orthographic":false}