{"cameraMode":{"drawMode":0,"name":"Shaded","section":"Shading Mode"},"sceneLighting":true,"audioPlay":false,"sceneViewState":{"showFog":true,"showMaterialUpdate":false,"showSkybox":true,"showFlares":true,"showImageEffects":true,"showParticleSystems":true},"in2DMode":false,"pivot":{"x":293.9273986816406,"y":15.359874725341797,"z":-448.5513000488281},"rotation":{"x":-0.2854405641555786,"y":0.4956481158733368,"z":-0.176618292927742,"w":-0.8010385632514954},"size":50.67877197265625,"orthographic":false}